pr,year,month,country,date
25.4268,2001,1,Finland,Jan-01
37.7811,2001,2,Finland,Feb-01
25.2069,2001,3,Finland,Mar-01
48.922,2001,4,Finland,Apr-01
37.8404,2001,5,Finland,May-01
52.3614,2001,6,Finland,Jun-01
89.9098,2001,7,Finland,Jul-01
53.5482,2001,8,Finland,Aug-01
61.883,2001,9,Finland,Sep-01
61.5006,2001,10,Finland,Oct-01
35.3295,2001,11,Finland,Nov-01
18.8091,2001,12,Finland,Dec-01
47.8144,2002,1,Finland,Jan-02
43.6211,2002,2,Finland,Feb-02
28.7777,2002,3,Finland,Mar-02
12.6672,2002,4,Finland,Apr-02
30.4143,2002,5,Finland,May-02
69.2469,2002,6,Finland,Jun-02
97.7677,2002,7,Finland,Jul-02
34.2533,2002,8,Finland,Aug-02
39.1611,2002,9,Finland,Sep-02
20.6455,2002,10,Finland,Oct-02
30.477,2002,11,Finland,Nov-02
19.4555,2002,12,Finland,Dec-02
44.4275,2003,1,Finland,Jan-03
14.1544,2003,2,Finland,Feb-03
19.0912,2003,3,Finland,Mar-03
18.3392,2003,4,Finland,Apr-03
65.6628,2003,5,Finland,May-03
33.1094,2003,6,Finland,Jun-03
58.7642,2003,7,Finland,Jul-03
73.1759,2003,8,Finland,Aug-03
38.676,2003,9,Finland,Sep-03
61.0583,2003,10,Finland,Oct-03
32.9845,2003,11,Finland,Nov-03
47.7697,2003,12,Finland,Dec-03
29.1363,2004,1,Finland,Jan-04
36.9077,2004,2,Finland,Feb-04
23.2025,2004,3,Finland,Mar-04
9.3322,2004,4,Finland,Apr-04
49.8887,2004,5,Finland,May-04
63.4805,2004,6,Finland,Jun-04
116.761,2004,7,Finland,Jul-04
89.3802,2004,8,Finland,Aug-04
86.3948,2004,9,Finland,Sep-04
31.1884,2004,10,Finland,Oct-04
35.6169,2004,11,Finland,Nov-04
53.2968,2004,12,Finland,Dec-04
58.9594,2005,1,Finland,Jan-05
15.4742,2005,2,Finland,Feb-05
8.69366,2005,3,Finland,Mar-05
27.4865,2005,4,Finland,Apr-05
64.5106,2005,5,Finland,May-05
51.4775,2005,6,Finland,Jun-05
83.5725,2005,7,Finland,Jul-05
91.5763,2005,8,Finland,Aug-05
52.6064,2005,9,Finland,Sep-05
33.4555,2005,10,Finland,Oct-05
67.8863,2005,11,Finland,Nov-05
41.4472,2005,12,Finland,Dec-05
24.78,2006,1,Finland,Jan-06
16.8363,2006,2,Finland,Feb-06
21.2478,2006,3,Finland,Mar-06
31.478,2006,4,Finland,Apr-06
49.1958,2006,5,Finland,May-06
29.5275,2006,6,Finland,Jun-06
32.5015,2006,7,Finland,Jul-06
24.6287,2006,8,Finland,Aug-06
50.3611,2006,9,Finland,Sep-06
81.7799,2006,10,Finland,Oct-06
49.9033,2006,11,Finland,Nov-06
61.2197,2006,12,Finland,Dec-06
54.2216,2007,1,Finland,Jan-07
17.4054,2007,2,Finland,Feb-07
28.6901,2007,3,Finland,Mar-07
28.2924,2007,4,Finland,Apr-07
53.9652,2007,5,Finland,May-07
47.3053,2007,6,Finland,Jun-07
109.472,2007,7,Finland,Jul-07
61.9132,2007,8,Finland,Aug-07
66.0389,2007,9,Finland,Sep-07
47.2564,2007,10,Finland,Oct-07
45.7059,2007,11,Finland,Nov-07
47.6322,2007,12,Finland,Dec-07
55.3185,2008,1,Finland,Jan-08
36.3377,2008,2,Finland,Feb-08
39.2589,2008,3,Finland,Mar-08
35.7474,2008,4,Finland,Apr-08
22.7027,2008,5,Finland,May-08
81.2284,2008,6,Finland,Jun-08
73.427,2008,7,Finland,Jul-08
90.0272,2008,8,Finland,Aug-08
32.224,2008,9,Finland,Sep-08
89.7642,2008,10,Finland,Oct-08
59.1744,2008,11,Finland,Nov-08
37.4057,2008,12,Finland,Dec-08
21.9569,2009,1,Finland,Jan-09
24.5786,2009,2,Finland,Feb-09
16.8198,2009,3,Finland,Mar-09
17.0733,2009,4,Finland,Apr-09
45.0967,2009,5,Finland,May-09
52.752,2009,6,Finland,Jun-09
77.7386,2009,7,Finland,Jul-09
72.6025,2009,8,Finland,Aug-09
52.379,2009,9,Finland,Sep-09
47.2536,2009,10,Finland,Oct-09
50.7271,2009,11,Finland,Nov-09
29.983,2009,12,Finland,Dec-09
16.8967,2010,1,Finland,Jan-10
36.9733,2010,2,Finland,Feb-10
41.1882,2010,3,Finland,Mar-10
27.7185,2010,4,Finland,Apr-10
55.5064,2010,5,Finland,May-10
52.5122,2010,6,Finland,Jun-10
74.4296,2010,7,Finland,Jul-10
64.2657,2010,8,Finland,Aug-10
60.2632,2010,9,Finland,Sep-10
43.8887,2010,10,Finland,Oct-10
32.8204,2010,11,Finland,Nov-10
23.329,2010,12,Finland,Dec-10
43.1707,2011,1,Finland,Jan-11
19.2171,2011,2,Finland,Feb-11
22.0302,2011,3,Finland,Mar-11
19.2076,2011,4,Finland,Apr-11
51.8253,2011,5,Finland,May-11
76.7317,2011,6,Finland,Jun-11
70.4153,2011,7,Finland,Jul-11
65.3067,2011,8,Finland,Aug-11
80.0654,2011,9,Finland,Sep-11
62.6317,2011,10,Finland,Oct-11
34.1525,2011,11,Finland,Nov-11
77.2782,2011,12,Finland,Dec-11
44.834,2012,1,Finland,Jan-12
34.7027,2012,2,Finland,Feb-12
29.5903,2012,3,Finland,Mar-12
44.9843,2012,4,Finland,Apr-12
43.6216,2012,5,Finland,May-12
79.3218,2012,6,Finland,Jun-12
90.9272,2012,7,Finland,Jul-12
44.3636,2012,8,Finland,Aug-12
90.9065,2012,9,Finland,Sep-12
76.5298,2012,10,Finland,Oct-12
53.1621,2012,11,Finland,Nov-12
46.345,2012,12,Finland,Dec-12
35.1967,2013,1,Finland,Jan-13
22.8719,2013,2,Finland,Feb-13
12.9056,2013,3,Finland,Mar-13
32.3311,2013,4,Finland,Apr-13
21.478,2013,5,Finland,May-13
71.3321,2013,6,Finland,Jun-13
55.7113,2013,7,Finland,Jul-13
58.5499,2013,8,Finland,Aug-13
28.2544,2013,9,Finland,Sep-13
60.8649,2013,10,Finland,Oct-13
53.7083,2013,11,Finland,Nov-13
55.3827,2013,12,Finland,Dec-13
22.0861,2014,1,Finland,Jan-14
28.1304,2014,2,Finland,Feb-14
28.4591,2014,3,Finland,Mar-14
19.0369,2014,4,Finland,Apr-14
64.0703,2014,5,Finland,May-14
51.346,2014,6,Finland,Jun-14
58.1992,2014,7,Finland,Jul-14
75.3146,2014,8,Finland,Aug-14
40.0866,2014,9,Finland,Sep-14
40.1562,2014,10,Finland,Oct-14
34.6921,2014,11,Finland,Nov-14
55.742,2014,12,Finland,Dec-14
51.5884,2015,1,Finland,Jan-15
32.0042,2015,2,Finland,Feb-15
37.9151,2015,3,Finland,Mar-15
29.6006,2015,4,Finland,Apr-15
63.0154,2015,5,Finland,May-15
65.5524,2015,6,Finland,Jun-15
68.3562,2015,7,Finland,Jul-15
52.7832,2015,8,Finland,Aug-15
53.8523,2015,9,Finland,Sep-15
26.4068,2015,10,Finland,Oct-15
62.9492,2015,11,Finland,Nov-15
53.8144,2015,12,Finland,Dec-15
9.42292,2001,1,Algeria,Jan-01
5.76814,2001,2,Algeria,Feb-01
0.88567,2001,3,Algeria,Mar-01
5.44267,2001,4,Algeria,Apr-01
3.23694,2001,5,Algeria,May-01
0.32553,2001,6,Algeria,Jun-01
0.39422,2001,7,Algeria,Jul-01
4.01159,2001,8,Algeria,Aug-01
7.85947,2001,9,Algeria,Sep-01
2.75423,2001,10,Algeria,Oct-01
7.61716,2001,11,Algeria,Nov-01
10.4483,2001,12,Algeria,Dec-01
2.15007,2002,1,Algeria,Jan-02
2.84319,2002,2,Algeria,Feb-02
6.8491,2002,3,Algeria,Mar-02
6.2666,2002,4,Algeria,Apr-02
4.25413,2002,5,Algeria,May-02
0.93544,2002,6,Algeria,Jun-02
2.91534,2002,7,Algeria,Jul-02
7.06994,2002,8,Algeria,Aug-02
3.31651,2002,9,Algeria,Sep-02
7.09579,2002,10,Algeria,Oct-02
14.0886,2002,11,Algeria,Nov-02
8.86606,2002,12,Algeria,Dec-02
20.2122,2003,1,Algeria,Jan-03
9.96695,2003,2,Algeria,Feb-03
7.58526,2003,3,Algeria,Mar-03
7.44726,2003,4,Algeria,Apr-03
4.46346,2003,5,Algeria,May-03
1.17778,2003,6,Algeria,Jun-03
3.40018,2003,7,Algeria,Jul-03
8.96157,2003,8,Algeria,Aug-03
6.93469,2003,9,Algeria,Sep-03
12.8784,2003,10,Algeria,Oct-03
9.88907,2003,11,Algeria,Nov-03
12.0979,2003,12,Algeria,Dec-03
10.9941,2004,1,Algeria,Jan-04
4.21376,2004,2,Algeria,Feb-04
8.25189,2004,3,Algeria,Mar-04
12.036,2004,4,Algeria,Apr-04
12.3783,2004,5,Algeria,May-04
3.45446,2004,6,Algeria,Jun-04
3.2436,2004,7,Algeria,Jul-04
4.77163,2004,8,Algeria,Aug-04
5.50647,2004,9,Algeria,Sep-04
4.76572,2004,10,Algeria,Oct-04
19.8018,2004,11,Algeria,Nov-04
17.5296,2004,12,Algeria,Dec-04
4.57699,2005,1,Algeria,Jan-05
12.886,2005,2,Algeria,Feb-05
4.55282,2005,3,Algeria,Mar-05
3.0035,2005,4,Algeria,Apr-05
1.35048,2005,5,Algeria,May-05
2.45417,2005,6,Algeria,Jun-05
1.92092,2005,7,Algeria,Jul-05
4.3191,2005,8,Algeria,Aug-05
8.08725,2005,9,Algeria,Sep-05
6.51397,2005,10,Algeria,Oct-05
11.4385,2005,11,Algeria,Nov-05
10.2388,2005,12,Algeria,Dec-05
18.3872,2006,1,Algeria,Jan-06
11.2734,2006,2,Algeria,Feb-06
2.33632,2006,3,Algeria,Mar-06
5.53248,2006,4,Algeria,Apr-06
14.1769,2006,5,Algeria,May-06
1.5274,2006,6,Algeria,Jun-06
5.4073,2006,7,Algeria,Jul-06
3.1771,2006,8,Algeria,Aug-06
7.83948,2006,9,Algeria,Sep-06
4.79887,2006,10,Algeria,Oct-06
7.97892,2006,11,Algeria,Nov-06
15.575,2006,12,Algeria,Dec-06
2.92638,2007,1,Algeria,Jan-07
5.57693,2007,2,Algeria,Feb-07
10.532,2007,3,Algeria,Mar-07
12.8161,2007,4,Algeria,Apr-07
3.5222,2007,5,Algeria,May-07
1.54004,2007,6,Algeria,Jun-07
3.15279,2007,7,Algeria,Jul-07
10.1769,2007,8,Algeria,Aug-07
7.47633,2007,9,Algeria,Sep-07
10.9962,2007,10,Algeria,Oct-07
5.74155,2007,11,Algeria,Nov-07
9.32483,2007,12,Algeria,Dec-07
3.67054,2008,1,Algeria,Jan-08
5.86398,2008,2,Algeria,Feb-08
5.17873,2008,3,Algeria,Mar-08
1.9491,2008,4,Algeria,Apr-08
9.79491,2008,5,Algeria,May-08
2.63383,2008,6,Algeria,Jun-08
2.71022,2008,7,Algeria,Jul-08
6.71957,2008,8,Algeria,Aug-08
9.33576,2008,9,Algeria,Sep-08
13.6466,2008,10,Algeria,Oct-08
7.16584,2008,11,Algeria,Nov-08
13.0036,2008,12,Algeria,Dec-08
22.0122,2009,1,Algeria,Jan-09
7.51166,2009,2,Algeria,Feb-09
15.5795,2009,3,Algeria,Mar-09
9.77636,2009,4,Algeria,Apr-09
4.51853,2009,5,Algeria,May-09
1.32254,2009,6,Algeria,Jun-09
2.51951,2009,7,Algeria,Jul-09
4.71522,2009,8,Algeria,Aug-09
16.3677,2009,9,Algeria,Sep-09
2.21309,2009,10,Algeria,Oct-09
4.13099,2009,11,Algeria,Nov-09
7.54656,2009,12,Algeria,Dec-09
8.62193,2010,1,Algeria,Jan-10
11.6938,2010,2,Algeria,Feb-10
6.55983,2010,3,Algeria,Mar-10
6.80019,2010,4,Algeria,Apr-10
6.03223,2010,5,Algeria,May-10
6.69078,2010,6,Algeria,Jun-10
5.64218,2010,7,Algeria,Jul-10
7.05089,2010,8,Algeria,Aug-10
6.74733,2010,9,Algeria,Sep-10
11.7308,2010,10,Algeria,Oct-10
10.1441,2010,11,Algeria,Nov-10
3.37996,2010,12,Algeria,Dec-10
5.17511,2011,1,Algeria,Jan-11
8.87642,2011,2,Algeria,Feb-11
10.8294,2011,3,Algeria,Mar-11
11.9913,2011,4,Algeria,Apr-11
12.5794,2011,5,Algeria,May-11
5.3369,2011,6,Algeria,Jun-11
4.48439,2011,7,Algeria,Jul-11
4.98255,2011,8,Algeria,Aug-11
3.49012,2011,9,Algeria,Sep-11
11.4674,2011,10,Algeria,Oct-11
9.68181,2011,11,Algeria,Nov-11
5.56506,2011,12,Algeria,Dec-11
8.0642,2012,1,Algeria,Jan-12
10.2414,2012,2,Algeria,Feb-12
12.0128,2012,3,Algeria,Mar-12
13.7873,2012,4,Algeria,Apr-12
2.33985,2012,5,Algeria,May-12
1.94661,2012,6,Algeria,Jun-12
1.73942,2012,7,Algeria,Jul-12
4.51026,2012,8,Algeria,Aug-12
4.8976,2012,9,Algeria,Sep-12
12.0769,2012,10,Algeria,Oct-12
10.6791,2012,11,Algeria,Nov-12
2.40026,2012,12,Algeria,Dec-12
8.8679,2013,1,Algeria,Jan-13
8.76406,2013,2,Algeria,Feb-13
8.71307,2013,3,Algeria,Mar-13
10.161,2013,4,Algeria,Apr-13
4.91227,2013,5,Algeria,May-13
1.51247,2013,6,Algeria,Jun-13
2.03411,2013,7,Algeria,Jul-13
6.65042,2013,8,Algeria,Aug-13
5.01098,2013,9,Algeria,Sep-13
3.79425,2013,10,Algeria,Oct-13
9.27659,2013,11,Algeria,Nov-13
12.3675,2013,12,Algeria,Dec-13
7.89843,2014,1,Algeria,Jan-14
5.2983,2014,2,Algeria,Feb-14
8.51916,2014,3,Algeria,Mar-14
1.30532,2014,4,Algeria,Apr-14
11.4108,2014,5,Algeria,May-14
4.35204,2014,6,Algeria,Jun-14
1.8138,2014,7,Algeria,Jul-14
2.48635,2014,8,Algeria,Aug-14
5.27668,2014,9,Algeria,Sep-14
3.31747,2014,10,Algeria,Oct-14
15.6232,2014,11,Algeria,Nov-14
10.1386,2014,12,Algeria,Dec-14
8.17268,2015,1,Algeria,Jan-15
15.0522,2015,2,Algeria,Feb-15
6.3578,2015,3,Algeria,Mar-15
0.52327,2015,4,Algeria,Apr-15
2.1598,2015,5,Algeria,May-15
1.71306,2015,6,Algeria,Jun-15
2.00926,2015,7,Algeria,Jul-15
11.7221,2015,8,Algeria,Aug-15
9.67066,2015,9,Algeria,Sep-15
10.204,2015,10,Algeria,Oct-15
4.24697,2015,11,Algeria,Nov-15
0.3374,2015,12,Algeria,Dec-15
22.119,2001,1,Bahrain,Jan-01
1.35338,2001,2,Bahrain,Feb-01
1.59512,2001,3,Bahrain,Mar-01
0.29666,2001,4,Bahrain,Apr-01
0.1165,2001,5,Bahrain,May-01
0.01096,2001,6,Bahrain,Jun-01
0.01036,2001,7,Bahrain,Jul-01
0,2001,8,Bahrain,Aug-01
0.00975,2001,9,Bahrain,Sep-01
0.00304,2001,10,Bahrain,Oct-01
0.09255,2001,11,Bahrain,Nov-01
0.67606,2001,12,Bahrain,Dec-01
33.0537,2002,1,Bahrain,Jan-02
0.90996,2002,2,Bahrain,Feb-02
3.55966,2002,3,Bahrain,Mar-02
7.31685,2002,4,Bahrain,Apr-02
0,2002,5,Bahrain,May-02
0.01096,2002,6,Bahrain,Jun-02
0.00152,2002,7,Bahrain,Jul-02
0,2002,8,Bahrain,Aug-02
0.00975,2002,9,Bahrain,Sep-02
0,2002,10,Bahrain,Oct-02
16.1487,2002,11,Bahrain,Nov-02
18.2677,2002,12,Bahrain,Dec-02
10.8356,2003,1,Bahrain,Jan-03
15.9488,2003,2,Bahrain,Feb-03
10.6158,2003,3,Bahrain,Mar-03
12.7683,2003,4,Bahrain,Apr-03
0.00855,2003,5,Bahrain,May-03
0.01096,2003,6,Bahrain,Jun-03
0.01036,2003,7,Bahrain,Jul-03
0.00975,2003,8,Bahrain,Aug-03
0.00975,2003,9,Bahrain,Sep-03
0,2003,10,Bahrain,Oct-03
1.99032,2003,11,Bahrain,Nov-03
23.5025,2003,12,Bahrain,Dec-03
28.4472,2004,1,Bahrain,Jan-04
0.33483,2004,2,Bahrain,Feb-04
2.35737,2004,3,Bahrain,Mar-04
8.48573,2004,4,Bahrain,Apr-04
0.24874,2004,5,Bahrain,May-04
0.01096,2004,6,Bahrain,Jun-04
0.00152,2004,7,Bahrain,Jul-04
0,2004,8,Bahrain,Aug-04
0.01127,2004,9,Bahrain,Sep-04
0,2004,10,Bahrain,Oct-04
5.82961,2004,11,Bahrain,Nov-04
37.9492,2004,12,Bahrain,Dec-04
35.9439,2005,1,Bahrain,Jan-05
20.4597,2005,2,Bahrain,Feb-05
11.1245,2005,3,Bahrain,Mar-05
4.75742,2005,4,Bahrain,Apr-05
0,2005,5,Bahrain,May-05
0.01096,2005,6,Bahrain,Jun-05
0.00152,2005,7,Bahrain,Jul-05
0,2005,8,Bahrain,Aug-05
0.00975,2005,9,Bahrain,Sep-05
0,2005,10,Bahrain,Oct-05
4.92935,2005,11,Bahrain,Nov-05
0.22249,2005,12,Bahrain,Dec-05
0.83745,2006,1,Bahrain,Jan-06
18.1915,2006,2,Bahrain,Feb-06
6.54321,2006,3,Bahrain,Mar-06
16.7185,2006,4,Bahrain,Apr-06
0,2006,5,Bahrain,May-06
0.01096,2006,6,Bahrain,Jun-06
0.00152,2006,7,Bahrain,Jul-06
0.00731,2006,8,Bahrain,Aug-06
0.00975,2006,9,Bahrain,Sep-06
0.01036,2006,10,Bahrain,Oct-06
16.143,2006,11,Bahrain,Nov-06
22.2194,2006,12,Bahrain,Dec-06
9.16515,2007,1,Bahrain,Jan-07
25.4024,2007,2,Bahrain,Feb-07
4.42319,2007,3,Bahrain,Mar-07
6.4464,2007,4,Bahrain,Apr-07
0.45029,2007,5,Bahrain,May-07
0.01096,2007,6,Bahrain,Jun-07
0.01036,2007,7,Bahrain,Jul-07
0,2007,8,Bahrain,Aug-07
0.00975,2007,9,Bahrain,Sep-07
0.01387,2007,10,Bahrain,Oct-07
0,2007,11,Bahrain,Nov-07
0.13328,2007,12,Bahrain,Dec-07
34.4313,2008,1,Bahrain,Jan-08
0.01066,2008,2,Bahrain,Feb-08
0.59921,2008,3,Bahrain,Mar-08
1.81804,2008,4,Bahrain,Apr-08
0.39317,2008,5,Bahrain,May-08
0.01096,2008,6,Bahrain,Jun-08
0.00152,2008,7,Bahrain,Jul-08
0,2008,8,Bahrain,Aug-08
0.00975,2008,9,Bahrain,Sep-08
0.00304,2008,10,Bahrain,Oct-08
0.50245,2008,11,Bahrain,Nov-08
3.30986,2008,12,Bahrain,Dec-08
3.96885,2009,1,Bahrain,Jan-09
1.28773,2009,2,Bahrain,Feb-09
7.38487,2009,3,Bahrain,Mar-09
18.676,2009,4,Bahrain,Apr-09
0.01831,2009,5,Bahrain,May-09
0.01096,2009,6,Bahrain,Jun-09
0.00152,2009,7,Bahrain,Jul-09
0,2009,8,Bahrain,Aug-09
0.00975,2009,9,Bahrain,Sep-09
0,2009,10,Bahrain,Oct-09
0.89369,2009,11,Bahrain,Nov-09
74.0971,2009,12,Bahrain,Dec-09
0.89177,2010,1,Bahrain,Jan-10
3.26621,2010,2,Bahrain,Feb-10
4.1761,2010,3,Bahrain,Mar-10
9.87023,2010,4,Bahrain,Apr-10
2.55938,2010,5,Bahrain,May-10
0.01096,2010,6,Bahrain,Jun-10
0.00792,2010,7,Bahrain,Jul-10
0.01279,2010,8,Bahrain,Aug-10
0.00975,2010,9,Bahrain,Sep-10
0,2010,10,Bahrain,Oct-10
8.57421,2010,11,Bahrain,Nov-10
0.00489,2010,12,Bahrain,Dec-10
39.8098,2011,1,Bahrain,Jan-11
4.07783,2011,2,Bahrain,Feb-11
0.48067,2011,3,Bahrain,Mar-11
7.29289,2011,4,Bahrain,Apr-11
0.02045,2011,5,Bahrain,May-11
0.01096,2011,6,Bahrain,Jun-11
0.00792,2011,7,Bahrain,Jul-11
0.00975,2011,8,Bahrain,Aug-11
0.00975,2011,9,Bahrain,Sep-11
0.00975,2011,10,Bahrain,Oct-11
5.60832,2011,11,Bahrain,Nov-11
0.21962,2011,12,Bahrain,Dec-11
1.30812,2012,1,Bahrain,Jan-12
2.24613,2012,2,Bahrain,Feb-12
5.03834,2012,3,Bahrain,Mar-12
3.69872,2012,4,Bahrain,Apr-12
0.06942,2012,5,Bahrain,May-12
0.01858,2012,6,Bahrain,Jun-12
0.01036,2012,7,Bahrain,Jul-12
0.00975,2012,8,Bahrain,Aug-12
0.00975,2012,9,Bahrain,Sep-12
0.0224,2012,10,Bahrain,Oct-12
10.5891,2012,11,Bahrain,Nov-12
31.5191,2012,12,Bahrain,Dec-12
6.13896,2013,1,Bahrain,Jan-13
2.2563,2013,2,Bahrain,Feb-13
10.2282,2013,3,Bahrain,Mar-13
8.31271,2013,4,Bahrain,Apr-13
1.13464,2013,5,Bahrain,May-13
0.02132,2013,6,Bahrain,Jun-13
0.00792,2013,7,Bahrain,Jul-13
0.01127,2013,8,Bahrain,Aug-13
0.01218,2013,9,Bahrain,Sep-13
0.03196,2013,10,Bahrain,Oct-13
8.84401,2013,11,Bahrain,Nov-13
7.08784,2013,12,Bahrain,Dec-13
41.9433,2014,1,Bahrain,Jan-14
3.81701,2014,2,Bahrain,Feb-14
5.88295,2014,3,Bahrain,Mar-14
5.0737,2014,4,Bahrain,Apr-14
0.14949,2014,5,Bahrain,May-14
0.02132,2014,6,Bahrain,Jun-14
0.01036,2014,7,Bahrain,Jul-14
0.00975,2014,8,Bahrain,Aug-14
0.01127,2014,9,Bahrain,Sep-14
0.03257,2014,10,Bahrain,Oct-14
27.7183,2014,11,Bahrain,Nov-14
0.62818,2014,12,Bahrain,Dec-14
6.89134,2015,1,Bahrain,Jan-15
1.43493,2015,2,Bahrain,Feb-15
9.61403,2015,3,Bahrain,Mar-15
0.81661,2015,4,Bahrain,Apr-15
0.11421,2015,5,Bahrain,May-15
0.02132,2015,6,Bahrain,Jun-15
0.01036,2015,7,Bahrain,Jul-15
0.00975,2015,8,Bahrain,Aug-15
0.01127,2015,9,Bahrain,Sep-15
0.03988,2015,10,Bahrain,Oct-15
3.47217,2015,11,Bahrain,Nov-15
29.4603,2015,12,Bahrain,Dec-15
3.30283,2001,1,Cameroon,Jan-01
19.164,2001,2,Cameroon,Feb-01
89.0142,2001,3,Cameroon,Mar-01
131.385,2001,4,Cameroon,Apr-01
167.346,2001,5,Cameroon,May-01
169.99,2001,6,Cameroon,Jun-01
227.127,2001,7,Cameroon,Jul-01
160.632,2001,8,Cameroon,Aug-01
283.115,2001,9,Cameroon,Sep-01
343.964,2001,10,Cameroon,Oct-01
77.9258,2001,11,Cameroon,Nov-01
17.3061,2001,12,Cameroon,Dec-01
5.68236,2002,1,Cameroon,Jan-02
36.2795,2002,2,Cameroon,Feb-02
98.4454,2002,3,Cameroon,Mar-02
137.991,2002,4,Cameroon,Apr-02
163.728,2002,5,Cameroon,May-02
128.068,2002,6,Cameroon,Jun-02
174.802,2002,7,Cameroon,Jul-02
235.608,2002,8,Cameroon,Aug-02
316.275,2002,9,Cameroon,Sep-02
243.163,2002,10,Cameroon,Oct-02
61.4936,2002,11,Cameroon,Nov-02
19.5656,2002,12,Cameroon,Dec-02
25.0485,2003,1,Cameroon,Jan-03
24.5716,2003,2,Cameroon,Feb-03
96.2415,2003,3,Cameroon,Mar-03
159.814,2003,4,Cameroon,Apr-03
147.596,2003,5,Cameroon,May-03
207.666,2003,6,Cameroon,Jun-03
202.093,2003,7,Cameroon,Jul-03
224.601,2003,8,Cameroon,Aug-03
293.146,2003,9,Cameroon,Sep-03
206.735,2003,10,Cameroon,Oct-03
62.4495,2003,11,Cameroon,Nov-03
11.4927,2003,12,Cameroon,Dec-03
15.7605,2004,1,Cameroon,Jan-04
21.497,2004,2,Cameroon,Feb-04
62.7322,2004,3,Cameroon,Mar-04
108.684,2004,4,Cameroon,Apr-04
182.905,2004,5,Cameroon,May-04
162.453,2004,6,Cameroon,Jun-04
209.119,2004,7,Cameroon,Jul-04
245.387,2004,8,Cameroon,Aug-04
244.706,2004,9,Cameroon,Sep-04
179.463,2004,10,Cameroon,Oct-04
93.1135,2004,11,Cameroon,Nov-04
18.971,2004,12,Cameroon,Dec-04
9.79665,2005,1,Cameroon,Jan-05
37.0979,2005,2,Cameroon,Feb-05
75.9662,2005,3,Cameroon,Mar-05
120.492,2005,4,Cameroon,Apr-05
175.627,2005,5,Cameroon,May-05
159.494,2005,6,Cameroon,Jun-05
94.1338,2005,7,Cameroon,Jul-05
213.424,2005,8,Cameroon,Aug-05
264.561,2005,9,Cameroon,Sep-05
209.977,2005,10,Cameroon,Oct-05
63.4803,2005,11,Cameroon,Nov-05
22.5134,2005,12,Cameroon,Dec-05
20.1437,2006,1,Cameroon,Jan-06
40.7497,2006,2,Cameroon,Feb-06
94.567,2006,3,Cameroon,Mar-06
73.8698,2006,4,Cameroon,Apr-06
160.608,2006,5,Cameroon,May-06
185.236,2006,6,Cameroon,Jun-06
205.412,2006,7,Cameroon,Jul-06
234.506,2006,8,Cameroon,Aug-06
318.834,2006,9,Cameroon,Sep-06
215.732,2006,10,Cameroon,Oct-06
64.2157,2006,11,Cameroon,Nov-06
16.325,2006,12,Cameroon,Dec-06
21.0129,2007,1,Cameroon,Jan-07
28.8859,2007,2,Cameroon,Feb-07
47.0408,2007,3,Cameroon,Mar-07
130.317,2007,4,Cameroon,Apr-07
195.323,2007,5,Cameroon,May-07
282.242,2007,6,Cameroon,Jun-07
198.465,2007,7,Cameroon,Jul-07
242.216,2007,8,Cameroon,Aug-07
305.593,2007,9,Cameroon,Sep-07
214.076,2007,10,Cameroon,Oct-07
68.6582,2007,11,Cameroon,Nov-07
30.5786,2007,12,Cameroon,Dec-07
18.6267,2008,1,Cameroon,Jan-08
15.596,2008,2,Cameroon,Feb-08
78.9882,2008,3,Cameroon,Mar-08
96.8449,2008,4,Cameroon,Apr-08
139.528,2008,5,Cameroon,May-08
105.902,2008,6,Cameroon,Jun-08
203.694,2008,7,Cameroon,Jul-08
319.453,2008,8,Cameroon,Aug-08
295.291,2008,9,Cameroon,Sep-08
276.602,2008,10,Cameroon,Oct-08
35.6402,2008,11,Cameroon,Nov-08
28.6875,2008,12,Cameroon,Dec-08
17.1201,2009,1,Cameroon,Jan-09
36.9518,2009,2,Cameroon,Feb-09
83.2928,2009,3,Cameroon,Mar-09
121.408,2009,4,Cameroon,Apr-09
186.263,2009,5,Cameroon,May-09
158.681,2009,6,Cameroon,Jun-09
124.554,2009,7,Cameroon,Jul-09
224.333,2009,8,Cameroon,Aug-09
158.055,2009,9,Cameroon,Sep-09
233.032,2009,10,Cameroon,Oct-09
59.9268,2009,11,Cameroon,Nov-09
13.1954,2009,12,Cameroon,Dec-09
19.8959,2010,1,Cameroon,Jan-10
28.4633,2010,2,Cameroon,Feb-10
80.3253,2010,3,Cameroon,Mar-10
87.8962,2010,4,Cameroon,Apr-10
99.4224,2010,5,Cameroon,May-10
197.47,2010,6,Cameroon,Jun-10
358.591,2010,7,Cameroon,Jul-10
129.568,2010,8,Cameroon,Aug-10
210.448,2010,9,Cameroon,Sep-10
266.897,2010,10,Cameroon,Oct-10
83.837,2010,11,Cameroon,Nov-10
17.1637,2010,12,Cameroon,Dec-10
16.1326,2011,1,Cameroon,Jan-11
32.6752,2011,2,Cameroon,Feb-11
64.5721,2011,3,Cameroon,Mar-11
101.962,2011,4,Cameroon,Apr-11
78.3193,2011,5,Cameroon,May-11
130.592,2011,6,Cameroon,Jun-11
114.096,2011,7,Cameroon,Jul-11
249.763,2011,8,Cameroon,Aug-11
289.615,2011,9,Cameroon,Sep-11
200.533,2011,10,Cameroon,Oct-11
62.2878,2011,11,Cameroon,Nov-11
13.9573,2011,12,Cameroon,Dec-11
14.9804,2012,1,Cameroon,Jan-12
38.1478,2012,2,Cameroon,Feb-12
74.6135,2012,3,Cameroon,Mar-12
68.9042,2012,4,Cameroon,Apr-12
189.375,2012,5,Cameroon,May-12
203.215,2012,6,Cameroon,Jun-12
110.969,2012,7,Cameroon,Jul-12
217.669,2012,8,Cameroon,Aug-12
267.936,2012,9,Cameroon,Sep-12
285.219,2012,10,Cameroon,Oct-12
94.1551,2012,11,Cameroon,Nov-12
26.7371,2012,12,Cameroon,Dec-12
17.9524,2013,1,Cameroon,Jan-13
27.9832,2013,2,Cameroon,Feb-13
165.889,2013,3,Cameroon,Mar-13
76.0704,2013,4,Cameroon,Apr-13
143.883,2013,5,Cameroon,May-13
132.561,2013,6,Cameroon,Jun-13
114.292,2013,7,Cameroon,Jul-13
216.564,2013,8,Cameroon,Aug-13
191.276,2013,9,Cameroon,Sep-13
247.228,2013,10,Cameroon,Oct-13
45.8003,2013,11,Cameroon,Nov-13
30.7203,2013,12,Cameroon,Dec-13
12.5311,2014,1,Cameroon,Jan-14
19.0802,2014,2,Cameroon,Feb-14
93.8597,2014,3,Cameroon,Mar-14
169.4,2014,4,Cameroon,Apr-14
164.502,2014,5,Cameroon,May-14
170.198,2014,6,Cameroon,Jun-14
104.623,2014,7,Cameroon,Jul-14
220.023,2014,8,Cameroon,Aug-14
276.148,2014,9,Cameroon,Sep-14
179.386,2014,10,Cameroon,Oct-14
59.6912,2014,11,Cameroon,Nov-14
20.121,2014,12,Cameroon,Dec-14
4.79933,2015,1,Cameroon,Jan-15
31.3488,2015,2,Cameroon,Feb-15
58.0373,2015,3,Cameroon,Mar-15
105.152,2015,4,Cameroon,Apr-15
143.461,2015,5,Cameroon,May-15
159.423,2015,6,Cameroon,Jun-15
164.964,2015,7,Cameroon,Jul-15
222.623,2015,8,Cameroon,Aug-15
194.417,2015,9,Cameroon,Sep-15
195.347,2015,10,Cameroon,Oct-15
50.1943,2015,11,Cameroon,Nov-15
8.84834,2015,12,Cameroon,Dec-15
102.515,2001,1,Colombia,Jan-01
71.8497,2001,2,Colombia,Feb-01
171.726,2001,3,Colombia,Mar-01
251.551,2001,4,Colombia,Apr-01
254.552,2001,5,Colombia,May-01
250.924,2001,6,Colombia,Jun-01
291.241,2001,7,Colombia,Jul-01
188.671,2001,8,Colombia,Aug-01
232.178,2001,9,Colombia,Sep-01
313.035,2001,10,Colombia,Oct-01
175.822,2001,11,Colombia,Nov-01
226.297,2001,12,Colombia,Dec-01
61.9998,2002,1,Colombia,Jan-02
75.4561,2002,2,Colombia,Feb-02
232.434,2002,3,Colombia,Mar-02
282.117,2002,4,Colombia,Apr-02
376.812,2002,5,Colombia,May-02
462.952,2002,6,Colombia,Jun-02
334.468,2002,7,Colombia,Jul-02
244.517,2002,8,Colombia,Aug-02
241.774,2002,9,Colombia,Sep-02
265.583,2002,10,Colombia,Oct-02
254.903,2002,11,Colombia,Nov-02
167.553,2002,12,Colombia,Dec-02
65.7428,2003,1,Colombia,Jan-03
104.161,2003,2,Colombia,Feb-03
175.099,2003,3,Colombia,Mar-03
262.612,2003,4,Colombia,Apr-03
321.888,2003,5,Colombia,May-03
525.987,2003,6,Colombia,Jun-03
256.166,2003,7,Colombia,Jul-03
234.595,2003,8,Colombia,Aug-03
245.727,2003,9,Colombia,Sep-03
256.772,2003,10,Colombia,Oct-03
350.058,2003,11,Colombia,Nov-03
165.475,2003,12,Colombia,Dec-03
89.6236,2004,1,Colombia,Jan-04
158.425,2004,2,Colombia,Feb-04
168.364,2004,3,Colombia,Mar-04
270.288,2004,4,Colombia,Apr-04
433.771,2004,5,Colombia,May-04
225.278,2004,6,Colombia,Jun-04
345.873,2004,7,Colombia,Jul-04
258.988,2004,8,Colombia,Aug-04
255.249,2004,9,Colombia,Sep-04
274.174,2004,10,Colombia,Oct-04
239.878,2004,11,Colombia,Nov-04
176.589,2004,12,Colombia,Dec-04
118.118,2005,1,Colombia,Jan-05
178.331,2005,2,Colombia,Feb-05
200.348,2005,3,Colombia,Mar-05
209.393,2005,4,Colombia,Apr-05
361.644,2005,5,Colombia,May-05
314.879,2005,6,Colombia,Jun-05
251.668,2005,7,Colombia,Jul-05
272.279,2005,8,Colombia,Aug-05
222.022,2005,9,Colombia,Sep-05
312.058,2005,10,Colombia,Oct-05
259.425,2005,11,Colombia,Nov-05
205.048,2005,12,Colombia,Dec-05
201.779,2006,1,Colombia,Jan-06
97.0286,2006,2,Colombia,Feb-06
286.886,2006,3,Colombia,Mar-06
250.046,2006,4,Colombia,Apr-06
379.101,2006,5,Colombia,May-06
302.637,2006,6,Colombia,Jun-06
353.016,2006,7,Colombia,Jul-06
193.977,2006,8,Colombia,Aug-06
164.154,2006,9,Colombia,Sep-06
277.269,2006,10,Colombia,Oct-06
232.843,2006,11,Colombia,Nov-06
174.995,2006,12,Colombia,Dec-06
112.886,2007,1,Colombia,Jan-07
38.6912,2007,2,Colombia,Feb-07
243.448,2007,3,Colombia,Mar-07
290.57,2007,4,Colombia,Apr-07
354.408,2007,5,Colombia,May-07
248.24,2007,6,Colombia,Jun-07
308.878,2007,7,Colombia,Jul-07
288.814,2007,8,Colombia,Aug-07
228.959,2007,9,Colombia,Sep-07
333.421,2007,10,Colombia,Oct-07
223.208,2007,11,Colombia,Nov-07
194.035,2007,12,Colombia,Dec-07
138.163,2008,1,Colombia,Jan-08
141.014,2008,2,Colombia,Feb-08
203.466,2008,3,Colombia,Mar-08
216.675,2008,4,Colombia,Apr-08
563.74,2008,5,Colombia,May-08
300.088,2008,6,Colombia,Jun-08
371.819,2008,7,Colombia,Jul-08
304.873,2008,8,Colombia,Aug-08
255.553,2008,9,Colombia,Sep-08
246.792,2008,10,Colombia,Oct-08
297.542,2008,11,Colombia,Nov-08
151.116,2008,12,Colombia,Dec-08
160.138,2009,1,Colombia,Jan-09
135.424,2009,2,Colombia,Feb-09
241.093,2009,3,Colombia,Mar-09
190.624,2009,4,Colombia,Apr-09
262.775,2009,5,Colombia,May-09
310.321,2009,6,Colombia,Jun-09
213.179,2009,7,Colombia,Jul-09
280.735,2009,8,Colombia,Aug-09
167.594,2009,9,Colombia,Sep-09
274.016,2009,10,Colombia,Oct-09
145.673,2009,11,Colombia,Nov-09
110.376,2009,12,Colombia,Dec-09
43.1041,2010,1,Colombia,Jan-10
95.5326,2010,2,Colombia,Feb-10
205.493,2010,3,Colombia,Mar-10
292.878,2010,4,Colombia,Apr-10
343.301,2010,5,Colombia,May-10
340.765,2010,6,Colombia,Jun-10
348.356,2010,7,Colombia,Jul-10
220.156,2010,8,Colombia,Aug-10
267.754,2010,9,Colombia,Sep-10
251.533,2010,10,Colombia,Oct-10
367.156,2010,11,Colombia,Nov-10
263.921,2010,12,Colombia,Dec-10
142.977,2011,1,Colombia,Jan-11
151.335,2011,2,Colombia,Feb-11
195.135,2011,3,Colombia,Mar-11
431.419,2011,4,Colombia,Apr-11
361.13,2011,5,Colombia,May-11
330.04,2011,6,Colombia,Jun-11
276.217,2011,7,Colombia,Jul-11
221.107,2011,8,Colombia,Aug-11
289.045,2011,9,Colombia,Sep-11
265.561,2011,10,Colombia,Oct-11
302.112,2011,11,Colombia,Nov-11
205.032,2011,12,Colombia,Dec-11
144.848,2012,1,Colombia,Jan-12
90.5267,2012,2,Colombia,Feb-12
185.609,2012,3,Colombia,Mar-12
237.886,2012,4,Colombia,Apr-12
240.269,2012,5,Colombia,May-12
178.072,2012,6,Colombia,Jun-12
229.956,2012,7,Colombia,Jul-12
175.085,2012,8,Colombia,Aug-12
176.677,2012,9,Colombia,Sep-12
221.064,2012,10,Colombia,Oct-12
159.385,2012,11,Colombia,Nov-12
190.155,2012,12,Colombia,Dec-12
58.7334,2013,1,Colombia,Jan-13
150.84,2013,2,Colombia,Feb-13
124.101,2013,3,Colombia,Mar-13
156.018,2013,4,Colombia,Apr-13
332.562,2013,5,Colombia,May-13
267.148,2013,6,Colombia,Jun-13
149.025,2013,7,Colombia,Jul-13
309.068,2013,8,Colombia,Aug-13
220.707,2013,9,Colombia,Sep-13
176.332,2013,10,Colombia,Oct-13
192.687,2013,11,Colombia,Nov-13
113.858,2013,12,Colombia,Dec-13
89.1602,2014,1,Colombia,Jan-14
111.782,2014,2,Colombia,Feb-14
149.634,2014,3,Colombia,Mar-14
183.58,2014,4,Colombia,Apr-14
233.416,2014,5,Colombia,May-14
215.454,2014,6,Colombia,Jun-14
219.845,2014,7,Colombia,Jul-14
252.356,2014,8,Colombia,Aug-14
188.128,2014,9,Colombia,Sep-14
230.303,2014,10,Colombia,Oct-14
238.262,2014,11,Colombia,Nov-14
181.048,2014,12,Colombia,Dec-14
148.686,2015,1,Colombia,Jan-15
105.079,2015,2,Colombia,Feb-15
266.662,2015,3,Colombia,Mar-15
228.593,2015,4,Colombia,Apr-15
200.896,2015,5,Colombia,May-15
264.843,2015,6,Colombia,Jun-15
259.002,2015,7,Colombia,Jul-15
189.6,2015,8,Colombia,Aug-15
138.036,2015,9,Colombia,Sep-15
157.348,2015,10,Colombia,Oct-15
173.86,2015,11,Colombia,Nov-15
96.3039,2015,12,Colombia,Dec-15
71.1636,2001,1,Equatorial Guinea,Jan-01
81.9394,2001,2,Equatorial Guinea,Feb-01
201.384,2001,3,Equatorial Guinea,Mar-01
224.726,2001,4,Equatorial Guinea,Apr-01
480.578,2001,5,Equatorial Guinea,May-01
245.042,2001,6,Equatorial Guinea,Jun-01
153.721,2001,7,Equatorial Guinea,Jul-01
25.1581,2001,8,Equatorial Guinea,Aug-01
128.566,2001,9,Equatorial Guinea,Sep-01
407.258,2001,10,Equatorial Guinea,Oct-01
205.626,2001,11,Equatorial Guinea,Nov-01
79.4346,2001,12,Equatorial Guinea,Dec-01
64.3236,2002,1,Equatorial Guinea,Jan-02
198.525,2002,2,Equatorial Guinea,Feb-02
241.186,2002,3,Equatorial Guinea,Mar-02
326.447,2002,4,Equatorial Guinea,Apr-02
280.054,2002,5,Equatorial Guinea,May-02
98.0406,2002,6,Equatorial Guinea,Jun-02
41.6547,2002,7,Equatorial Guinea,Jul-02
100.015,2002,8,Equatorial Guinea,Aug-02
394.283,2002,9,Equatorial Guinea,Sep-02
377.703,2002,10,Equatorial Guinea,Oct-02
259.858,2002,11,Equatorial Guinea,Nov-02
91.8118,2002,12,Equatorial Guinea,Dec-02
204.226,2003,1,Equatorial Guinea,Jan-03
115.046,2003,2,Equatorial Guinea,Feb-03
214.697,2003,3,Equatorial Guinea,Mar-03
169.501,2003,4,Equatorial Guinea,Apr-03
162.292,2003,5,Equatorial Guinea,May-03
250.039,2003,6,Equatorial Guinea,Jun-03
67.7043,2003,7,Equatorial Guinea,Jul-03
94.8169,2003,8,Equatorial Guinea,Aug-03
475.644,2003,9,Equatorial Guinea,Sep-03
329.873,2003,10,Equatorial Guinea,Oct-03
301.764,2003,11,Equatorial Guinea,Nov-03
113.411,2003,12,Equatorial Guinea,Dec-03
132.046,2004,1,Equatorial Guinea,Jan-04
121.148,2004,2,Equatorial Guinea,Feb-04
168.023,2004,3,Equatorial Guinea,Mar-04
224.642,2004,4,Equatorial Guinea,Apr-04
159.897,2004,5,Equatorial Guinea,May-04
108.101,2004,6,Equatorial Guinea,Jun-04
67.9875,2004,7,Equatorial Guinea,Jul-04
136.628,2004,8,Equatorial Guinea,Aug-04
335.568,2004,9,Equatorial Guinea,Sep-04
424.231,2004,10,Equatorial Guinea,Oct-04
259.545,2004,11,Equatorial Guinea,Nov-04
182.163,2004,12,Equatorial Guinea,Dec-04
99.058,2005,1,Equatorial Guinea,Jan-05
136.037,2005,2,Equatorial Guinea,Feb-05
229.475,2005,3,Equatorial Guinea,Mar-05
187.852,2005,4,Equatorial Guinea,Apr-05
99.0031,2005,5,Equatorial Guinea,May-05
58.6482,2005,6,Equatorial Guinea,Jun-05
16.9386,2005,7,Equatorial Guinea,Jul-05
53.5534,2005,8,Equatorial Guinea,Aug-05
202.703,2005,9,Equatorial Guinea,Sep-05
344.27,2005,10,Equatorial Guinea,Oct-05
257.928,2005,11,Equatorial Guinea,Nov-05
128.065,2005,12,Equatorial Guinea,Dec-05
117.342,2006,1,Equatorial Guinea,Jan-06
100.657,2006,2,Equatorial Guinea,Feb-06
171.957,2006,3,Equatorial Guinea,Mar-06
180.78,2006,4,Equatorial Guinea,Apr-06
144.75,2006,5,Equatorial Guinea,May-06
99.5473,2006,6,Equatorial Guinea,Jun-06
70.0475,2006,7,Equatorial Guinea,Jul-06
44.5196,2006,8,Equatorial Guinea,Aug-06
312.257,2006,9,Equatorial Guinea,Sep-06
333.978,2006,10,Equatorial Guinea,Oct-06
266.965,2006,11,Equatorial Guinea,Nov-06
119.595,2006,12,Equatorial Guinea,Dec-06
42.3335,2007,1,Equatorial Guinea,Jan-07
118.917,2007,2,Equatorial Guinea,Feb-07
172.97,2007,3,Equatorial Guinea,Mar-07
205.956,2007,4,Equatorial Guinea,Apr-07
568.93,2007,5,Equatorial Guinea,May-07
229.209,2007,6,Equatorial Guinea,Jun-07
141.816,2007,7,Equatorial Guinea,Jul-07
68.0554,2007,8,Equatorial Guinea,Aug-07
578.496,2007,9,Equatorial Guinea,Sep-07
349.419,2007,10,Equatorial Guinea,Oct-07
250.578,2007,11,Equatorial Guinea,Nov-07
250.334,2007,12,Equatorial Guinea,Dec-07
127.892,2008,1,Equatorial Guinea,Jan-08
92.3415,2008,2,Equatorial Guinea,Feb-08
159.782,2008,3,Equatorial Guinea,Mar-08
140.647,2008,4,Equatorial Guinea,Apr-08
267.834,2008,5,Equatorial Guinea,May-08
27.2827,2008,6,Equatorial Guinea,Jun-08
26.2902,2008,7,Equatorial Guinea,Jul-08
153.309,2008,8,Equatorial Guinea,Aug-08
377.892,2008,9,Equatorial Guinea,Sep-08
597.778,2008,10,Equatorial Guinea,Oct-08
148.346,2008,11,Equatorial Guinea,Nov-08
126.957,2008,12,Equatorial Guinea,Dec-08
95.1797,2009,1,Equatorial Guinea,Jan-09
153.278,2009,2,Equatorial Guinea,Feb-09
241.846,2009,3,Equatorial Guinea,Mar-09
187.611,2009,4,Equatorial Guinea,Apr-09
338.859,2009,5,Equatorial Guinea,May-09
114.599,2009,6,Equatorial Guinea,Jun-09
9.5445,2009,7,Equatorial Guinea,Jul-09
67.4009,2009,8,Equatorial Guinea,Aug-09
91.1867,2009,9,Equatorial Guinea,Sep-09
454.152,2009,10,Equatorial Guinea,Oct-09
208.525,2009,11,Equatorial Guinea,Nov-09
113.254,2009,12,Equatorial Guinea,Dec-09
160.631,2010,1,Equatorial Guinea,Jan-10
139.348,2010,2,Equatorial Guinea,Feb-10
248.194,2010,3,Equatorial Guinea,Mar-10
150.335,2010,4,Equatorial Guinea,Apr-10
69.7629,2010,5,Equatorial Guinea,May-10
97.4164,2010,6,Equatorial Guinea,Jun-10
193.325,2010,7,Equatorial Guinea,Jul-10
34.1474,2010,8,Equatorial Guinea,Aug-10
138.1,2010,9,Equatorial Guinea,Sep-10
375.708,2010,10,Equatorial Guinea,Oct-10
318.021,2010,11,Equatorial Guinea,Nov-10
87.492,2010,12,Equatorial Guinea,Dec-10
104.445,2011,1,Equatorial Guinea,Jan-11
173.607,2011,2,Equatorial Guinea,Feb-11
196.515,2011,3,Equatorial Guinea,Mar-11
184.715,2011,4,Equatorial Guinea,Apr-11
50.2845,2011,5,Equatorial Guinea,May-11
61.5483,2011,6,Equatorial Guinea,Jun-11
21.5459,2011,7,Equatorial Guinea,Jul-11
71.1665,2011,8,Equatorial Guinea,Aug-11
229.671,2011,9,Equatorial Guinea,Sep-11
451.996,2011,10,Equatorial Guinea,Oct-11
256.431,2011,11,Equatorial Guinea,Nov-11
69.2825,2011,12,Equatorial Guinea,Dec-11
102.561,2012,1,Equatorial Guinea,Jan-12
194.948,2012,2,Equatorial Guinea,Feb-12
217.012,2012,3,Equatorial Guinea,Mar-12
153.508,2012,4,Equatorial Guinea,Apr-12
207.217,2012,5,Equatorial Guinea,May-12
152.913,2012,6,Equatorial Guinea,Jun-12
20.2966,2012,7,Equatorial Guinea,Jul-12
249.101,2012,8,Equatorial Guinea,Aug-12
215.267,2012,9,Equatorial Guinea,Sep-12
564.311,2012,10,Equatorial Guinea,Oct-12
326.657,2012,11,Equatorial Guinea,Nov-12
145.057,2012,12,Equatorial Guinea,Dec-12
133.65,2013,1,Equatorial Guinea,Jan-13
126.704,2013,2,Equatorial Guinea,Feb-13
239.697,2013,3,Equatorial Guinea,Mar-13
171.063,2013,4,Equatorial Guinea,Apr-13
177.618,2013,5,Equatorial Guinea,May-13
76.5373,2013,6,Equatorial Guinea,Jun-13
55.9623,2013,7,Equatorial Guinea,Jul-13
75.745,2013,8,Equatorial Guinea,Aug-13
86.5289,2013,9,Equatorial Guinea,Sep-13
386.946,2013,10,Equatorial Guinea,Oct-13
210.61,2013,11,Equatorial Guinea,Nov-13
188.578,2013,12,Equatorial Guinea,Dec-13
81.008,2014,1,Equatorial Guinea,Jan-14
92.8673,2014,2,Equatorial Guinea,Feb-14
236.595,2014,3,Equatorial Guinea,Mar-14
296.631,2014,4,Equatorial Guinea,Apr-14
265.674,2014,5,Equatorial Guinea,May-14
111.687,2014,6,Equatorial Guinea,Jun-14
14.7931,2014,7,Equatorial Guinea,Jul-14
74.797,2014,8,Equatorial Guinea,Aug-14
184.981,2014,9,Equatorial Guinea,Sep-14
297.484,2014,10,Equatorial Guinea,Oct-14
262.707,2014,11,Equatorial Guinea,Nov-14
135.385,2014,12,Equatorial Guinea,Dec-14
59.6527,2015,1,Equatorial Guinea,Jan-15
145.644,2015,2,Equatorial Guinea,Feb-15
196.218,2015,3,Equatorial Guinea,Mar-15
215.629,2015,4,Equatorial Guinea,Apr-15
148.793,2015,5,Equatorial Guinea,May-15
118.805,2015,6,Equatorial Guinea,Jun-15
19.209,2015,7,Equatorial Guinea,Jul-15
38.9489,2015,8,Equatorial Guinea,Aug-15
94.6943,2015,9,Equatorial Guinea,Sep-15
247.071,2015,10,Equatorial Guinea,Oct-15
190.722,2015,11,Equatorial Guinea,Nov-15
62.7635,2015,12,Equatorial Guinea,Dec-15
6.63178,2001,1,India,Jan-01
4.53783,2001,2,India,Feb-01
12.1672,2001,3,India,Mar-01
27.8238,2001,4,India,Apr-01
61.5042,2001,5,India,May-01
181.652,2001,6,India,Jun-01
225.672,2001,7,India,Jul-01
201.707,2001,8,India,Aug-01
84.3139,2001,9,India,Sep-01
83.6282,2001,10,India,Oct-01
17.6648,2001,11,India,Nov-01
5.64367,2001,12,India,Dec-01
12.1668,2002,1,India,Jan-02
12.5439,2002,2,India,Feb-02
13.4524,2002,3,India,Mar-02
29.425,2002,4,India,Apr-02
42.8618,2002,5,India,May-02
151.07,2002,6,India,Jun-02
131.91,2002,7,India,Jul-02
232.01,2002,8,India,Aug-02
119.873,2002,9,India,Sep-02
60.838,2002,10,India,Oct-02
24.6803,2002,11,India,Nov-02
5.07381,2002,12,India,Dec-02
7.38072,2003,1,India,Jan-03
28.9371,2003,2,India,Feb-03
16.2915,2003,3,India,Mar-03
25.1046,2003,4,India,Apr-03
26.1562,2003,5,India,May-03
139.061,2003,6,India,Jun-03
295.965,2003,7,India,Jul-03
192.687,2003,8,India,Aug-03
140.528,2003,9,India,Sep-03
91.7346,2003,10,India,Oct-03
13.4693,2003,11,India,Nov-03
8.34971,2003,12,India,Dec-03
14.6037,2004,1,India,Jan-04
3.41179,2004,2,India,Feb-04
8.07534,2004,3,India,Mar-04
38.3796,2004,4,India,Apr-04
55.9069,2004,5,India,May-04
168.893,2004,6,India,Jun-04
165.821,2004,7,India,Jul-04
237.241,2004,8,India,Aug-04
140.448,2004,9,India,Sep-04
85.4569,2004,10,India,Oct-04
14.7089,2004,11,India,Nov-04
4.64055,2004,12,India,Dec-04
15.2129,2005,1,India,Jan-05
12.6491,2005,2,India,Feb-05
22.8497,2005,3,India,Mar-05
27.3111,2005,4,India,Apr-05
41.1564,2005,5,India,May-05
127.736,2005,6,India,Jun-05
240.301,2005,7,India,Jul-05
178.014,2005,8,India,Aug-05
205.652,2005,9,India,Sep-05
92.0143,2005,10,India,Oct-05
17.7954,2005,11,India,Nov-05
8.40418,2005,12,India,Dec-05
5.65202,2006,1,India,Jan-06
2.6609,2006,2,India,Feb-06
32.6586,2006,3,India,Mar-06
51.2555,2006,4,India,Apr-06
63.3186,2006,5,India,May-06
121.591,2006,6,India,Jun-06
287.981,2006,7,India,Jul-06
245.909,2006,8,India,Aug-06
178.069,2006,9,India,Sep-06
61.3744,2006,10,India,Oct-06
33.4325,2006,11,India,Nov-06
3.71632,2006,12,India,Dec-06
1.06062,2007,1,India,Jan-07
33.2787,2007,2,India,Feb-07
17.3371,2007,3,India,Mar-07
47.6544,2007,4,India,Apr-07
48.0178,2007,5,India,May-07
158.412,2007,6,India,Jun-07
224.546,2007,7,India,Jul-07
278.022,2007,8,India,Aug-07
190.599,2007,9,India,Sep-07
45.1547,2007,10,India,Oct-07
18.0053,2007,11,India,Nov-07
6.55265,2007,12,India,Dec-07
13.0269,2008,1,India,Jan-08
12.0283,2008,2,India,Feb-08
16.6364,2008,3,India,Mar-08
27.6627,2008,4,India,Apr-08
42.0035,2008,5,India,May-08
191.57,2008,6,India,Jun-08
226.076,2008,7,India,Jul-08
266.808,2008,8,India,Aug-08
155.516,2008,9,India,Sep-08
52.7117,2008,10,India,Oct-08
30.4276,2008,11,India,Nov-08
8.05562,2008,12,India,Dec-08
5.29196,2009,1,India,Jan-09
6.47916,2009,2,India,Feb-09
9.34734,2009,3,India,Mar-09
29.2092,2009,4,India,Apr-09
63.4628,2009,5,India,May-09
106.438,2009,6,India,Jun-09
240.684,2009,7,India,Jul-09
182.619,2009,8,India,Aug-09
153.042,2009,9,India,Sep-09
58.2477,2009,10,India,Oct-09
56.7554,2009,11,India,Nov-09
11.0535,2009,12,India,Dec-09
7.54275,2010,1,India,Jan-10
8.78608,2010,2,India,Feb-10
17.9292,2010,3,India,Mar-10
42.5104,2010,4,India,Apr-10
54.3289,2010,5,India,May-10
135.261,2010,6,India,Jun-10
248.332,2010,7,India,Jul-10
272.22,2010,8,India,Aug-10
211.738,2010,9,India,Sep-10
73.8137,2010,10,India,Oct-10
58.06,2010,11,India,Nov-10
15.9508,2010,12,India,Dec-10
3.32826,2011,1,India,Jan-11
20.362,2011,2,India,Feb-11
6.69799,2011,3,India,Mar-11
28.7954,2011,4,India,Apr-11
47.7341,2011,5,India,May-11
207.022,2011,6,India,Jun-11
231.939,2011,7,India,Jul-11
317.779,2011,8,India,Aug-11
186.507,2011,9,India,Sep-11
39.8495,2011,10,India,Oct-11
17.1447,2011,11,India,Nov-11
7.91968,2011,12,India,Dec-11
20.253,2012,1,India,Jan-12
3.7663,2012,2,India,Feb-12
6.68277,2012,3,India,Mar-12
37.0949,2012,4,India,Apr-12
40.9544,2012,5,India,May-12
86.7309,2012,6,India,Jun-12
251.324,2012,7,India,Jul-12
263.938,2012,8,India,Aug-12
223.025,2012,9,India,Sep-12
52.8509,2012,10,India,Oct-12
24.2408,2012,11,India,Nov-12
8.53456,2012,12,India,Dec-12
7.70131,2013,1,India,Jan-13
24.4778,2013,2,India,Feb-13
12.2633,2013,3,India,Mar-13
29.8088,2013,4,India,Apr-13
42.069,2013,5,India,May-13
223.61,2013,6,India,Jun-13
312.555,2013,7,India,Jul-13
231.296,2013,8,India,Aug-13
142.283,2013,9,India,Sep-13
109.046,2013,10,India,Oct-13
18.8074,2013,11,India,Nov-13
6.25559,2013,12,India,Dec-13
18.0054,2014,1,India,Jan-14
22.7958,2014,2,India,Feb-14
21.3371,2014,3,India,Mar-14
22.0149,2014,4,India,Apr-14
56.5902,2014,5,India,May-14
86.6274,2014,6,India,Jun-14
240.137,2014,7,India,Jul-14
197.886,2014,8,India,Aug-14
192.447,2014,9,India,Sep-14
61.1298,2014,10,India,Oct-14
15.2521,2014,11,India,Nov-14
8.07315,2014,12,India,Dec-14
19.0978,2015,1,India,Jan-15
11.4594,2015,2,India,Feb-15
39.0113,2015,3,India,Mar-15
58.4772,2015,4,India,Apr-15
50.3189,2015,5,India,May-15
218.213,2015,6,India,Jun-15
240.4,2015,7,India,Jul-15
228.364,2015,8,India,Aug-15
135.992,2015,9,India,Sep-15
42.4305,2015,10,India,Oct-15
30.9177,2015,11,India,Nov-15
6.29845,2015,12,India,Dec-15
19.303,2001,1,Jordan,Jan-01
19.5746,2001,2,Jordan,Feb-01
11.4324,2001,3,Jordan,Mar-01
20.8851,2001,4,Jordan,Apr-01
2.22535,2001,5,Jordan,May-01
0.19178,2001,6,Jordan,Jun-01
0.44869,2001,7,Jordan,Jul-01
0.12512,2001,8,Jordan,Aug-01
0.03635,2001,9,Jordan,Sep-01
0.63145,2001,10,Jordan,Oct-01
10.3107,2001,11,Jordan,Nov-01
18.5141,2001,12,Jordan,Dec-01
36.611,2002,1,Jordan,Jan-02
17.8853,2002,2,Jordan,Feb-02
13.764,2002,3,Jordan,Mar-02
6.50572,2002,4,Jordan,Apr-02
0.48326,2002,5,Jordan,May-02
0.19176,2002,6,Jordan,Jun-02
0.45725,2002,7,Jordan,Jul-02
0.10298,2002,8,Jordan,Aug-02
0.04758,2002,9,Jordan,Sep-02
5.30925,2002,10,Jordan,Oct-02
17.3518,2002,11,Jordan,Nov-02
27.3702,2002,12,Jordan,Dec-02
18.2925,2003,1,Jordan,Jan-03
27.032,2003,2,Jordan,Feb-03
17.9295,2003,3,Jordan,Mar-03
5.7209,2003,4,Jordan,Apr-03
1.18549,2003,5,Jordan,May-03
0.23595,2003,6,Jordan,Jun-03
0.47843,2003,7,Jordan,Jul-03
0.83815,2003,8,Jordan,Aug-03
0.08825,2003,9,Jordan,Sep-03
0.56368,2003,10,Jordan,Oct-03
6.06289,2003,11,Jordan,Nov-03
38.8204,2003,12,Jordan,Dec-03
25.536,2004,1,Jordan,Jan-04
20.2352,2004,2,Jordan,Feb-04
4.29126,2004,3,Jordan,Mar-04
3.20727,2004,4,Jordan,Apr-04
1.12396,2004,5,Jordan,May-04
0.19235,2004,6,Jordan,Jun-04
0.6604,2004,7,Jordan,Jul-04
0.07605,2004,8,Jordan,Aug-04
0.08414,2004,9,Jordan,Sep-04
0.73165,2004,10,Jordan,Oct-04
13.0693,2004,11,Jordan,Nov-04
9.7882,2004,12,Jordan,Dec-04
15.1565,2005,1,Jordan,Jan-05
15.8135,2005,2,Jordan,Feb-05
15.9666,2005,3,Jordan,Mar-05
14.7052,2005,4,Jordan,Apr-05
1.85548,2005,5,Jordan,May-05
0.21337,2005,6,Jordan,Jun-05
0.49342,2005,7,Jordan,Jul-05
0.10021,2005,8,Jordan,Aug-05
0.05218,2005,9,Jordan,Sep-05
2.11899,2005,10,Jordan,Oct-05
5.79657,2005,11,Jordan,Nov-05
9.59353,2005,12,Jordan,Dec-05
14.7236,2006,1,Jordan,Jan-06
30.392,2006,2,Jordan,Feb-06
1.00844,2006,3,Jordan,Mar-06
16.1452,2006,4,Jordan,Apr-06
0.51618,2006,5,Jordan,May-06
0.1919,2006,6,Jordan,Jun-06
0.49342,2006,7,Jordan,Jul-06
0.15035,2006,8,Jordan,Aug-06
0.03759,2006,9,Jordan,Sep-06
5.52309,2006,10,Jordan,Oct-06
2.8542,2006,11,Jordan,Nov-06
14.0211,2006,12,Jordan,Dec-06
16.3499,2007,1,Jordan,Jan-07
27.1817,2007,2,Jordan,Feb-07
12.8011,2007,3,Jordan,Mar-07
20.6993,2007,4,Jordan,Apr-07
10.1689,2007,5,Jordan,May-07
0.21171,2007,6,Jordan,Jun-07
0.49342,2007,7,Jordan,Jul-07
0.10743,2007,8,Jordan,Aug-07
0.03674,2007,9,Jordan,Sep-07
0.44475,2007,10,Jordan,Oct-07
5.59699,2007,11,Jordan,Nov-07
4.92605,2007,12,Jordan,Dec-07
47.3037,2008,1,Jordan,Jan-08
11.219,2008,2,Jordan,Feb-08
0.50577,2008,3,Jordan,Mar-08
0.26388,2008,4,Jordan,Apr-08
0.27439,2008,5,Jordan,May-08
0.19051,2008,6,Jordan,Jun-08
0.49342,2008,7,Jordan,Jul-08
0.11085,2008,8,Jordan,Aug-08
0.05695,2008,9,Jordan,Sep-08
3.40334,2008,10,Jordan,Oct-08
2.70744,2008,11,Jordan,Nov-08
5.78029,2008,12,Jordan,Dec-08
2.67788,2009,1,Jordan,Jan-09
26.2058,2009,2,Jordan,Feb-09
11.6621,2009,3,Jordan,Mar-09
1.14286,2009,4,Jordan,Apr-09
2.69302,2009,5,Jordan,May-09
0.19205,2009,6,Jordan,Jun-09
0.49342,2009,7,Jordan,Jul-09
0.11093,2009,8,Jordan,Aug-09
0.04105,2009,9,Jordan,Sep-09
3.43005,2009,10,Jordan,Oct-09
7.8324,2009,11,Jordan,Nov-09
13.6218,2009,12,Jordan,Dec-09
32.1301,2010,1,Jordan,Jan-10
40.4778,2010,2,Jordan,Feb-10
11.4297,2010,3,Jordan,Mar-10
7.15967,2010,4,Jordan,Apr-10
0.36649,2010,5,Jordan,May-10
0.19831,2010,6,Jordan,Jun-10
0.49342,2010,7,Jordan,Jul-10
0.11044,2010,8,Jordan,Aug-10
0.03649,2010,9,Jordan,Sep-10
0.77254,2010,10,Jordan,Oct-10
1.72789,2010,11,Jordan,Nov-10
21.6532,2010,12,Jordan,Dec-10
11.3763,2011,1,Jordan,Jan-11
21.395,2011,2,Jordan,Feb-11
6.78506,2011,3,Jordan,Mar-11
14.7034,2011,4,Jordan,Apr-11
0.82245,2011,5,Jordan,May-11
0.24266,2011,6,Jordan,Jun-11
0.55723,2011,7,Jordan,Jul-11
0.11093,2011,8,Jordan,Aug-11
0.05512,2011,9,Jordan,Sep-11
0.52531,2011,10,Jordan,Oct-11
11.125,2011,11,Jordan,Nov-11
6.14458,2011,12,Jordan,Dec-11
21.1343,2012,1,Jordan,Jan-12
17.5388,2012,2,Jordan,Feb-12
14.2089,2012,3,Jordan,Mar-12
0.83391,2012,4,Jordan,Apr-12
0.38486,2012,5,Jordan,May-12
0.19706,2012,6,Jordan,Jun-12
0.49342,2012,7,Jordan,Jul-12
0.10831,2012,8,Jordan,Aug-12
0.71463,2012,9,Jordan,Sep-12
3.78857,2012,10,Jordan,Oct-12
18.1715,2012,11,Jordan,Nov-12
13.4847,2012,12,Jordan,Dec-12
47.4185,2013,1,Jordan,Jan-13
15.5846,2013,2,Jordan,Feb-13
4.24778,2013,3,Jordan,Mar-13
2.77109,2013,4,Jordan,Apr-13
4.48757,2013,5,Jordan,May-13
0.19559,2013,6,Jordan,Jun-13
0.56052,2013,7,Jordan,Jul-13
0.4207,2013,8,Jordan,Aug-13
0.04725,2013,9,Jordan,Sep-13
0.68531,2013,10,Jordan,Oct-13
12.6517,2013,11,Jordan,Nov-13
31.1243,2013,12,Jordan,Dec-13
21.6983,2014,1,Jordan,Jan-14
4.37464,2014,2,Jordan,Feb-14
30.7036,2014,3,Jordan,Mar-14
0.37046,2014,4,Jordan,Apr-14
13.6448,2014,5,Jordan,May-14
0.22545,2014,6,Jordan,Jun-14
0.65012,2014,7,Jordan,Jul-14
0.11368,2014,8,Jordan,Aug-14
0.07271,2014,9,Jordan,Sep-14
4.75482,2014,10,Jordan,Oct-14
15.9995,2014,11,Jordan,Nov-14
23.1974,2014,12,Jordan,Dec-14
23.8505,2015,1,Jordan,Jan-15
29.8518,2015,2,Jordan,Feb-15
12.1137,2015,3,Jordan,Mar-15
5.17088,2015,4,Jordan,Apr-15
0.29445,2015,5,Jordan,May-15
0.19671,2015,6,Jordan,Jun-15
0.63048,2015,7,Jordan,Jul-15
0.50045,2015,8,Jordan,Aug-15
0.08984,2015,9,Jordan,Sep-15
17.2122,2015,10,Jordan,Oct-15
11.2858,2015,11,Jordan,Nov-15
10.6799,2015,12,Jordan,Dec-15
33.4335,2001,1,Kuwait,Jan-01
8.45763,2001,2,Kuwait,Feb-01
6.69217,2001,3,Kuwait,Mar-01
2.32628,2001,4,Kuwait,Apr-01
0.90964,2001,5,Kuwait,May-01
0.0695,2001,6,Kuwait,Jun-01
0.65547,2001,7,Kuwait,Jul-01
0.08455,2001,8,Kuwait,Aug-01
0.14643,2001,9,Kuwait,Sep-01
1.11108,2001,10,Kuwait,Oct-01
1.62682,2001,11,Kuwait,Nov-01
73.1856,2001,12,Kuwait,Dec-01
12.4886,2002,1,Kuwait,Jan-02
14.9952,2002,2,Kuwait,Feb-02
16.8125,2002,3,Kuwait,Mar-02
26.6573,2002,4,Kuwait,Apr-02
0.03608,2002,5,Kuwait,May-02
0.0695,2002,6,Kuwait,Jun-02
0.00548,2002,7,Kuwait,Jul-02
0.08455,2002,8,Kuwait,Aug-02
0.1381,2002,9,Kuwait,Sep-02
0.19052,2002,10,Kuwait,Oct-02
58.5237,2002,11,Kuwait,Nov-02
22.6421,2002,12,Kuwait,Dec-02
40.7439,2003,1,Kuwait,Jan-03
4.36452,2003,2,Kuwait,Feb-03
22.0301,2003,3,Kuwait,Mar-03
5.05789,2003,4,Kuwait,Apr-03
0.24783,2003,5,Kuwait,May-03
0.06279,2003,6,Kuwait,Jun-03
0.4528,2003,7,Kuwait,Jul-03
0.15698,2003,8,Kuwait,Aug-03
0.1381,2003,9,Kuwait,Sep-03
0.07817,2003,10,Kuwait,Oct-03
8.70865,2003,11,Kuwait,Nov-03
61.405,2003,12,Kuwait,Dec-03
84.1162,2004,1,Kuwait,Jan-04
1.92925,2004,2,Kuwait,Feb-04
1.45415,2004,3,Kuwait,Mar-04
15.5846,2004,4,Kuwait,Apr-04
4.05175,2004,5,Kuwait,May-04
0.0695,2004,6,Kuwait,Jun-04
0.42736,2004,7,Kuwait,Jul-04
0.08455,2004,8,Kuwait,Aug-04
0.1381,2004,9,Kuwait,Sep-04
0.00362,2004,10,Kuwait,Oct-04
4.54652,2004,11,Kuwait,Nov-04
62.6768,2004,12,Kuwait,Dec-04
48.6175,2005,1,Kuwait,Jan-05
16.0488,2005,2,Kuwait,Feb-05
30.4983,2005,3,Kuwait,Mar-05
4.46148,2005,4,Kuwait,Apr-05
0.24591,2005,5,Kuwait,May-05
0.06279,2005,6,Kuwait,Jun-05
0.00548,2005,7,Kuwait,Jul-05
0.08813,2005,8,Kuwait,Aug-05
0.1381,2005,9,Kuwait,Sep-05
0.01945,2005,10,Kuwait,Oct-05
32.3058,2005,11,Kuwait,Nov-05
48.8768,2005,12,Kuwait,Dec-05
28.7096,2006,1,Kuwait,Jan-06
25.0582,2006,2,Kuwait,Feb-06
0.98771,2006,3,Kuwait,Mar-06
15.6935,2006,4,Kuwait,Apr-06
0.88479,2006,5,Kuwait,May-06
0.0695,2006,6,Kuwait,Jun-06
0.00548,2006,7,Kuwait,Jul-06
0.08678,2006,8,Kuwait,Aug-06
0.1381,2006,9,Kuwait,Sep-06
3.08453,2006,10,Kuwait,Oct-06
8.2738,2006,11,Kuwait,Nov-06
51.574,2006,12,Kuwait,Dec-06
44.0779,2007,1,Kuwait,Jan-07
11.6689,2007,2,Kuwait,Feb-07
18.3693,2007,3,Kuwait,Mar-07
13.1095,2007,4,Kuwait,Apr-07
2.99498,2007,5,Kuwait,May-07
0.08099,2007,6,Kuwait,Jun-07
0.4528,2007,7,Kuwait,Jul-07
0.08455,2007,8,Kuwait,Aug-07
0.1381,2007,9,Kuwait,Sep-07
0.11082,2007,10,Kuwait,Oct-07
0.1844,2007,11,Kuwait,Nov-07
15.2448,2007,12,Kuwait,Dec-07
22.7297,2008,1,Kuwait,Jan-08
2.46589,2008,2,Kuwait,Feb-08
0.35763,2008,3,Kuwait,Mar-08
1.3344,2008,4,Kuwait,Apr-08
2.50567,2008,5,Kuwait,May-08
0.0695,2008,6,Kuwait,Jun-08
0.00548,2008,7,Kuwait,Jul-08
0.08455,2008,8,Kuwait,Aug-08
0.14167,2008,9,Kuwait,Sep-08
1.32381,2008,10,Kuwait,Oct-08
19.4604,2008,11,Kuwait,Nov-08
0.36447,2008,12,Kuwait,Dec-08
1.71574,2009,1,Kuwait,Jan-09
3.93251,2009,2,Kuwait,Feb-09
22.1491,2009,3,Kuwait,Mar-09
18.5929,2009,4,Kuwait,Apr-09
0.43473,2009,5,Kuwait,May-09
0.0695,2009,6,Kuwait,Jun-09
0.00548,2009,7,Kuwait,Jul-09
0.09527,2009,8,Kuwait,Aug-09
0.14882,2009,9,Kuwait,Sep-09
0.41826,2009,10,Kuwait,Oct-09
29.9365,2009,11,Kuwait,Nov-09
13.4319,2009,12,Kuwait,Dec-09
6.36375,2010,1,Kuwait,Jan-10
3.93547,2010,2,Kuwait,Feb-10
2.97516,2010,3,Kuwait,Mar-10
14.2304,2010,4,Kuwait,Apr-10
14.2183,2010,5,Kuwait,May-10
0.0695,2010,6,Kuwait,Jun-10
0.4528,2010,7,Kuwait,Jul-10
6.62873,2010,8,Kuwait,Aug-10
0.1381,2010,9,Kuwait,Sep-10
0.00806,2010,10,Kuwait,Oct-10
0.04191,2010,11,Kuwait,Nov-10
3.22004,2010,12,Kuwait,Dec-10
20.3525,2011,1,Kuwait,Jan-11
9.28004,2011,2,Kuwait,Feb-11
23.8961,2011,3,Kuwait,Mar-11
14.9773,2011,4,Kuwait,Apr-11
2.38269,2011,5,Kuwait,May-11
0.0695,2011,6,Kuwait,Jun-11
0.60988,2011,7,Kuwait,Jul-11
0.15698,2011,8,Kuwait,Aug-11
0.1381,2011,9,Kuwait,Sep-11
0.46393,2011,10,Kuwait,Oct-11
10.6121,2011,11,Kuwait,Nov-11
2.80582,2011,12,Kuwait,Dec-11
10.26,2012,1,Kuwait,Jan-12
12.0342,2012,2,Kuwait,Feb-12
19.3633,2012,3,Kuwait,Mar-12
8.10643,2012,4,Kuwait,Apr-12
1.60998,2012,5,Kuwait,May-12
0.2049,2012,6,Kuwait,Jun-12
3.07983,2012,7,Kuwait,Jul-12
0.17706,2012,8,Kuwait,Aug-12
0.1381,2012,9,Kuwait,Sep-12
1.41846,2012,10,Kuwait,Oct-12
23.5637,2012,11,Kuwait,Nov-12
30.8972,2012,12,Kuwait,Dec-12
8.1151,2013,1,Kuwait,Jan-13
1.61559,2013,2,Kuwait,Feb-13
3.17538,2013,3,Kuwait,Mar-13
2.27498,2013,4,Kuwait,Apr-13
4.33898,2013,5,Kuwait,May-13
0.39246,2013,6,Kuwait,Jun-13
0.4528,2013,7,Kuwait,Jul-13
0.15698,2013,8,Kuwait,Aug-13
0.32444,2013,9,Kuwait,Sep-13
0.83255,2013,10,Kuwait,Oct-13
35.8047,2013,11,Kuwait,Nov-13
17.3963,2013,12,Kuwait,Dec-13
34.0363,2014,1,Kuwait,Jan-14
4.67267,2014,2,Kuwait,Feb-14
13.5213,2014,3,Kuwait,Mar-14
11.6807,2014,4,Kuwait,Apr-14
1.02697,2014,5,Kuwait,May-14
0.42596,2014,6,Kuwait,Jun-14
0.70547,2014,7,Kuwait,Jul-14
0.17706,2014,8,Kuwait,Aug-14
0.1381,2014,9,Kuwait,Sep-14
0.50922,2014,10,Kuwait,Oct-14
19.0708,2014,11,Kuwait,Nov-14
5.1815,2014,12,Kuwait,Dec-14
5.94051,2015,1,Kuwait,Jan-15
10.7047,2015,2,Kuwait,Feb-15
16.958,2015,3,Kuwait,Mar-15
3.18065,2015,4,Kuwait,Apr-15
1.07765,2015,5,Kuwait,May-15
0.41965,2015,6,Kuwait,Jun-15
0.60438,2015,7,Kuwait,Jul-15
0.3652,2015,8,Kuwait,Aug-15
0.14048,2015,9,Kuwait,Sep-15
1.8406,2015,10,Kuwait,Oct-15
13.2594,2015,11,Kuwait,Nov-15
39.1768,2015,12,Kuwait,Dec-15
0.18286,2001,1,Mauritania,Jan-01
0.38218,2001,2,Mauritania,Feb-01
0.21191,2001,3,Mauritania,Mar-01
0.19899,2001,4,Mauritania,Apr-01
0.58884,2001,5,Mauritania,May-01
6.70565,2001,6,Mauritania,Jun-01
14.6119,2001,7,Mauritania,Jul-01
33.4082,2001,8,Mauritania,Aug-01
19.1377,2001,9,Mauritania,Sep-01
1.35604,2001,10,Mauritania,Oct-01
1.08297,2001,11,Mauritania,Nov-01
1.25309,2001,12,Mauritania,Dec-01
0.23171,2002,1,Mauritania,Jan-02
0.57281,2002,2,Mauritania,Feb-02
0.79383,2002,3,Mauritania,Mar-02
0.69688,2002,4,Mauritania,Apr-02
0.32329,2002,5,Mauritania,May-02
2.21305,2002,6,Mauritania,Jun-02
9.96407,2002,7,Mauritania,Jul-02
30.2767,2002,8,Mauritania,Aug-02
25.5033,2002,9,Mauritania,Sep-02
7.03903,2002,10,Mauritania,Oct-02
1.01927,2002,11,Mauritania,Nov-02
0.5227,2002,12,Mauritania,Dec-02
0.59818,2003,1,Mauritania,Jan-03
0.28016,2003,2,Mauritania,Feb-03
0.10702,2003,3,Mauritania,Mar-03
0.41752,2003,4,Mauritania,Apr-03
0.52135,2003,5,Mauritania,May-03
6.26948,2003,6,Mauritania,Jun-03
18.0964,2003,7,Mauritania,Jul-03
42.8914,2003,8,Mauritania,Aug-03
29.2915,2003,9,Mauritania,Sep-03
14.4027,2003,10,Mauritania,Oct-03
0.89489,2003,11,Mauritania,Nov-03
1.50862,2003,12,Mauritania,Dec-03
1.51811,2004,1,Mauritania,Jan-04
0.77224,2004,2,Mauritania,Feb-04
0.16669,2004,3,Mauritania,Mar-04
0.67082,2004,4,Mauritania,Apr-04
0.38419,2004,5,Mauritania,May-04
5.48594,2004,6,Mauritania,Jun-04
25.4976,2004,7,Mauritania,Jul-04
39.8658,2004,8,Mauritania,Aug-04
22.8339,2004,9,Mauritania,Sep-04
2.16157,2004,10,Mauritania,Oct-04
0.89039,2004,11,Mauritania,Nov-04
0.37551,2004,12,Mauritania,Dec-04
0.35701,2005,1,Mauritania,Jan-05
0.73093,2005,2,Mauritania,Feb-05
0.3249,2005,3,Mauritania,Mar-05
0.52351,2005,4,Mauritania,Apr-05
1.00546,2005,5,Mauritania,May-05
16.6776,2005,6,Mauritania,Jun-05
22.1719,2005,7,Mauritania,Jul-05
26.4489,2005,8,Mauritania,Aug-05
30.5951,2005,9,Mauritania,Sep-05
2.74404,2005,10,Mauritania,Oct-05
2.18005,2005,11,Mauritania,Nov-05
0.89473,2005,12,Mauritania,Dec-05
0.7917,2006,1,Mauritania,Jan-06
0.28437,2006,2,Mauritania,Feb-06
0.0547,2006,3,Mauritania,Mar-06
0.2202,2006,4,Mauritania,Apr-06
0.48277,2006,5,Mauritania,May-06
7.79923,2006,6,Mauritania,Jun-06
15.0907,2006,7,Mauritania,Jul-06
33.3593,2006,8,Mauritania,Aug-06
22.8253,2006,9,Mauritania,Sep-06
1.11565,2006,10,Mauritania,Oct-06
0.14692,2006,11,Mauritania,Nov-06
0.29827,2006,12,Mauritania,Dec-06
0.32891,2007,1,Mauritania,Jan-07
0.11536,2007,2,Mauritania,Feb-07
0.28089,2007,3,Mauritania,Mar-07
0.10617,2007,4,Mauritania,Apr-07
0.53361,2007,5,Mauritania,May-07
0.71743,2007,6,Mauritania,Jun-07
21.7934,2007,7,Mauritania,Jul-07
46.632,2007,8,Mauritania,Aug-07
19.2743,2007,9,Mauritania,Sep-07
2.2953,2007,10,Mauritania,Oct-07
0.21577,2007,11,Mauritania,Nov-07
0.33595,2007,12,Mauritania,Dec-07
0.39571,2008,1,Mauritania,Jan-08
0.67593,2008,2,Mauritania,Feb-08
0.06183,2008,3,Mauritania,Mar-08
0.12398,2008,4,Mauritania,Apr-08
1.85709,2008,5,Mauritania,May-08
12.5222,2008,6,Mauritania,Jun-08
22.1625,2008,7,Mauritania,Jul-08
42.7327,2008,8,Mauritania,Aug-08
26.4181,2008,9,Mauritania,Sep-08
4.59867,2008,10,Mauritania,Oct-08
0.40637,2008,11,Mauritania,Nov-08
1.75511,2008,12,Mauritania,Dec-08
0.50832,2009,1,Mauritania,Jan-09
0.99965,2009,2,Mauritania,Feb-09
0.14132,2009,3,Mauritania,Mar-09
0.68326,2009,4,Mauritania,Apr-09
0.70254,2009,5,Mauritania,May-09
8.48543,2009,6,Mauritania,Jun-09
16.5449,2009,7,Mauritania,Jul-09
37.9585,2009,8,Mauritania,Aug-09
33.3316,2009,9,Mauritania,Sep-09
2.49266,2009,10,Mauritania,Oct-09
0.74278,2009,11,Mauritania,Nov-09
0.78943,2009,12,Mauritania,Dec-09
0.47081,2010,1,Mauritania,Jan-10
0.45791,2010,2,Mauritania,Feb-10
0.07414,2010,3,Mauritania,Mar-10
0.22842,2010,4,Mauritania,Apr-10
0.37122,2010,5,Mauritania,May-10
7.86178,2010,6,Mauritania,Jun-10
19.2343,2010,7,Mauritania,Jul-10
54.2336,2010,8,Mauritania,Aug-10
42.1714,2010,9,Mauritania,Sep-10
9.91416,2010,10,Mauritania,Oct-10
1.18079,2010,11,Mauritania,Nov-10
0.68488,2010,12,Mauritania,Dec-10
1.70562,2011,1,Mauritania,Jan-11
1.30414,2011,2,Mauritania,Feb-11
0.36108,2011,3,Mauritania,Mar-11
0.52113,2011,4,Mauritania,Apr-11
0.94607,2011,5,Mauritania,May-11
4.39093,2011,6,Mauritania,Jun-11
21.0765,2011,7,Mauritania,Jul-11
36.8266,2011,8,Mauritania,Aug-11
16.9383,2011,9,Mauritania,Sep-11
1.87276,2011,10,Mauritania,Oct-11
0.1035,2011,11,Mauritania,Nov-11
0.26293,2011,12,Mauritania,Dec-11
0.19705,2012,1,Mauritania,Jan-12
0.05518,2012,2,Mauritania,Feb-12
0.25064,2012,3,Mauritania,Mar-12
0.45299,2012,4,Mauritania,Apr-12
2.71331,2012,5,Mauritania,May-12
7.92935,2012,6,Mauritania,Jun-12
20.4748,2012,7,Mauritania,Jul-12
42.5176,2012,8,Mauritania,Aug-12
29.6488,2012,9,Mauritania,Sep-12
3.93769,2012,10,Mauritania,Oct-12
0.13649,2012,11,Mauritania,Nov-12
0.49814,2012,12,Mauritania,Dec-12
0.07626,2013,1,Mauritania,Jan-13
0.29696,2013,2,Mauritania,Feb-13
0.11001,2013,3,Mauritania,Mar-13
0.47852,2013,4,Mauritania,Apr-13
0.50395,2013,5,Mauritania,May-13
2.79378,2013,6,Mauritania,Jun-13
14.6765,2013,7,Mauritania,Jul-13
51.325,2013,8,Mauritania,Aug-13
37.3137,2013,9,Mauritania,Sep-13
2.82304,2013,10,Mauritania,Oct-13
0.74201,2013,11,Mauritania,Nov-13
1.40888,2013,12,Mauritania,Dec-13
0.34447,2014,1,Mauritania,Jan-14
0.13988,2014,2,Mauritania,Feb-14
0.02471,2014,3,Mauritania,Mar-14
0.47025,2014,4,Mauritania,Apr-14
1.11696,2014,5,Mauritania,May-14
6.26412,2014,6,Mauritania,Jun-14
11.255,2014,7,Mauritania,Jul-14
47.6494,2014,8,Mauritania,Aug-14
20.3337,2014,9,Mauritania,Sep-14
1.9625,2014,10,Mauritania,Oct-14
1.2648,2014,11,Mauritania,Nov-14
0.66388,2014,12,Mauritania,Dec-14
0.42428,2015,1,Mauritania,Jan-15
0.51516,2015,2,Mauritania,Feb-15
0.22037,2015,3,Mauritania,Mar-15
0.29452,2015,4,Mauritania,Apr-15
0.53871,2015,5,Mauritania,May-15
2.33357,2015,6,Mauritania,Jun-15
20.1305,2015,7,Mauritania,Jul-15
60.7762,2015,8,Mauritania,Aug-15
22.3268,2015,9,Mauritania,Sep-15
6.6766,2015,10,Mauritania,Oct-15
0.61252,2015,11,Mauritania,Nov-15
0.63767,2015,12,Mauritania,Dec-15
96.5599,2001,1,New Zealand,Jan-01
73.0223,2001,2,New Zealand,Feb-01
96.1525,2001,3,New Zealand,Mar-01
109.07,2001,4,New Zealand,Apr-01
185.153,2001,5,New Zealand,May-01
179.466,2001,6,New Zealand,Jun-01
97.1593,2001,7,New Zealand,Jul-01
155.265,2001,8,New Zealand,Aug-01
106.101,2001,9,New Zealand,Sep-01
207.816,2001,10,New Zealand,Oct-01
193.196,2001,11,New Zealand,Nov-01
178.563,2001,12,New Zealand,Dec-01
161.302,2002,1,New Zealand,Jan-02
143.128,2002,2,New Zealand,Feb-02
121.31,2002,3,New Zealand,Mar-02
97.7997,2002,4,New Zealand,Apr-02
155.108,2002,5,New Zealand,May-02
212.91,2002,6,New Zealand,Jun-02
120.155,2002,7,New Zealand,Jul-02
145.983,2002,8,New Zealand,Aug-02
194.659,2002,9,New Zealand,Sep-02
173.898,2002,10,New Zealand,Oct-02
125.403,2002,11,New Zealand,Nov-02
146.345,2002,12,New Zealand,Dec-02
111.54,2003,1,New Zealand,Jan-03
68.9313,2003,2,New Zealand,Feb-03
99.9524,2003,3,New Zealand,Mar-03
84.0626,2003,4,New Zealand,Apr-03
171.364,2003,5,New Zealand,May-03
197.473,2003,6,New Zealand,Jun-03
122.402,2003,7,New Zealand,Jul-03
121.667,2003,8,New Zealand,Aug-03
213.3,2003,9,New Zealand,Sep-03
148.472,2003,10,New Zealand,Oct-03
140.752,2003,11,New Zealand,Nov-03
123.234,2003,12,New Zealand,Dec-03
117.776,2004,1,New Zealand,Jan-04
213.895,2004,2,New Zealand,Feb-04
127.329,2004,3,New Zealand,Mar-04
128.916,2004,4,New Zealand,Apr-04
149.929,2004,5,New Zealand,May-04
162.925,2004,6,New Zealand,Jun-04
115.833,2004,7,New Zealand,Jul-04
182.799,2004,8,New Zealand,Aug-04
168.674,2004,9,New Zealand,Sep-04
131.077,2004,10,New Zealand,Oct-04
119.995,2004,11,New Zealand,Nov-04
222.846,2004,12,New Zealand,Dec-04
100.128,2005,1,New Zealand,Jan-05
138.604,2005,2,New Zealand,Feb-05
147.67,2005,3,New Zealand,Mar-05
85.7656,2005,4,New Zealand,Apr-05
159.874,2005,5,New Zealand,May-05
139.51,2005,6,New Zealand,Jun-05
155.155,2005,7,New Zealand,Jul-05
117.165,2005,8,New Zealand,Aug-05
135.669,2005,9,New Zealand,Sep-05
129.557,2005,10,New Zealand,Oct-05
93.8193,2005,11,New Zealand,Nov-05
158.516,2005,12,New Zealand,Dec-05
152.97,2006,1,New Zealand,Jan-06
93.8689,2006,2,New Zealand,Feb-06
117.129,2006,3,New Zealand,Mar-06
181.326,2006,4,New Zealand,Apr-06
158.789,2006,5,New Zealand,May-06
161.768,2006,6,New Zealand,Jun-06
134.954,2006,7,New Zealand,Jul-06
156.254,2006,8,New Zealand,Aug-06
126.981,2006,9,New Zealand,Sep-06
146.704,2006,10,New Zealand,Oct-06
189.691,2006,11,New Zealand,Nov-06
121.076,2006,12,New Zealand,Dec-06
109.712,2007,1,New Zealand,Jan-07
55.9047,2007,2,New Zealand,Feb-07
161.112,2007,3,New Zealand,Mar-07
91.4178,2007,4,New Zealand,Apr-07
126.441,2007,5,New Zealand,May-07
185.787,2007,6,New Zealand,Jun-07
134.303,2007,7,New Zealand,Jul-07
144.161,2007,8,New Zealand,Aug-07
107.634,2007,9,New Zealand,Sep-07
191.879,2007,10,New Zealand,Oct-07
80.4094,2007,11,New Zealand,Nov-07
135.493,2007,12,New Zealand,Dec-07
94.296,2008,1,New Zealand,Jan-08
120.589,2008,2,New Zealand,Feb-08
115.758,2008,3,New Zealand,Mar-08
140.111,2008,4,New Zealand,Apr-08
98.6839,2008,5,New Zealand,May-08
157.718,2008,6,New Zealand,Jun-08
197.306,2008,7,New Zealand,Jul-08
217.277,2008,8,New Zealand,Aug-08
178.997,2008,9,New Zealand,Sep-08
139.008,2008,10,New Zealand,Oct-08
153.568,2008,11,New Zealand,Nov-08
155.611,2008,12,New Zealand,Dec-08
105.408,2009,1,New Zealand,Jan-09
134.709,2009,2,New Zealand,Feb-09
94.917,2009,3,New Zealand,Mar-09
109.59,2009,4,New Zealand,Apr-09
174.809,2009,5,New Zealand,May-09
112.382,2009,6,New Zealand,Jun-09
161.543,2009,7,New Zealand,Jul-09
184.209,2009,8,New Zealand,Aug-09
141.45,2009,9,New Zealand,Sep-09
146.888,2009,10,New Zealand,Oct-09
127.788,2009,11,New Zealand,Nov-09
166.223,2009,12,New Zealand,Dec-09
128.247,2010,1,New Zealand,Jan-10
80.1475,2010,2,New Zealand,Feb-10
123.847,2010,3,New Zealand,Mar-10
124.135,2010,4,New Zealand,Apr-10
157.234,2010,5,New Zealand,May-10
178.597,2010,6,New Zealand,Jun-10
104.159,2010,7,New Zealand,Jul-10
199.24,2010,8,New Zealand,Aug-10
244.468,2010,9,New Zealand,Sep-10
93.2894,2010,10,New Zealand,Oct-10
74.5273,2010,11,New Zealand,Nov-10
193.021,2010,12,New Zealand,Dec-10
178.629,2011,1,New Zealand,Jan-11
92.9934,2011,2,New Zealand,Feb-11
175.27,2011,3,New Zealand,Mar-11
127.172,2011,4,New Zealand,Apr-11
227.568,2011,5,New Zealand,May-11
163.662,2011,6,New Zealand,Jun-11
190.03,2011,7,New Zealand,Jul-11
111.48,2011,8,New Zealand,Aug-11
126.536,2011,9,New Zealand,Sep-11
191.401,2011,10,New Zealand,Oct-11
155.785,2011,11,New Zealand,Nov-11
104.618,2011,12,New Zealand,Dec-11
114.391,2012,1,New Zealand,Jan-12
132.504,2012,2,New Zealand,Feb-12
136.501,2012,3,New Zealand,Mar-12
93.8116,2012,4,New Zealand,Apr-12
114.664,2012,5,New Zealand,May-12
174.661,2012,6,New Zealand,Jun-12
142.311,2012,7,New Zealand,Jul-12
109.045,2012,8,New Zealand,Aug-12
189.221,2012,9,New Zealand,Sep-12
223.429,2012,10,New Zealand,Oct-12
95.1507,2012,11,New Zealand,Nov-12
138.923,2012,12,New Zealand,Dec-12
97.194,2013,1,New Zealand,Jan-13
93.9103,2013,2,New Zealand,Feb-13
130.743,2013,3,New Zealand,Mar-13
130.736,2013,4,New Zealand,Apr-13
149.601,2013,5,New Zealand,May-13
146.161,2013,6,New Zealand,Jun-13
156.435,2013,7,New Zealand,Jul-13
137.813,2013,8,New Zealand,Aug-13
161.519,2013,9,New Zealand,Sep-13
193.505,2013,10,New Zealand,Oct-13
109.247,2013,11,New Zealand,Nov-13
162.894,2013,12,New Zealand,Dec-13
131.93,2014,1,New Zealand,Jan-14
81.863,2014,2,New Zealand,Feb-14
84.3045,2014,3,New Zealand,Mar-14
171.166,2014,4,New Zealand,Apr-14
136.01,2014,5,New Zealand,May-14
173.387,2014,6,New Zealand,Jun-14
113.775,2014,7,New Zealand,Jul-14
117.177,2014,8,New Zealand,Aug-14
148.907,2014,9,New Zealand,Sep-14
148.631,2014,10,New Zealand,Oct-14
150.061,2014,11,New Zealand,Nov-14
138.645,2014,12,New Zealand,Dec-14
95.1472,2015,1,New Zealand,Jan-15
103.546,2015,2,New Zealand,Feb-15
173.186,2015,3,New Zealand,Mar-15
196.516,2015,4,New Zealand,Apr-15
178.794,2015,5,New Zealand,May-15
206.704,2015,6,New Zealand,Jun-15
144.117,2015,7,New Zealand,Jul-15
219.286,2015,8,New Zealand,Aug-15
114.764,2015,9,New Zealand,Sep-15
141.078,2015,10,New Zealand,Oct-15
96.1993,2015,11,New Zealand,Nov-15
116.754,2015,12,New Zealand,Dec-15
